{
    "glm-4-plus": [
        0.005,
        0.005
    ],
    "glm-4-air-250414": [
        0.0005,
        0.0005
    ],
    "glm-4-long": [
        0.001,
        0.001
    ],
    "glm-4-airx": [
        0.01,
        0.01
    ],
    "glm-4-flashx": [
        0.0001,
        0.0001
    ],
    "glm-4-flash-250414": [
        0.0001,
        0.0001
    ],
    "glm-4v-plus-0111": [
        0.04,
        0.02
    ],
    "gpt-4o": [
        0.0025,
        0.01
    ],
    "claude-3-5-haiku-20241022": [
        0.00025,
        0.00125
    ]
}